502.0,523.0,516.0,546.0
521.0,540.0,579.3333333333334,579.6666666666666
487.0,540.0,580.0,596.6666666666666
548.6666666666666,480.6666666666667,580.0,661.3333333333334
594.0,475.6666666666667,580.0,694.3333333333334
625.3333333333334,474.0,580.0,690.0
692.6666666666666,475.3333333333333,580.0,690.0
682.0,477.0,580.0,659.3333333333334
670.3333333333334,475.3333333333333,580.0,669.0
670.0,474.3333333333333,580.0,671.0
670.3333333333334,474.3333333333333,580.0,710.0
677.3333333333334,476.3333333333333,580.0,710.0
679.0,476.0,580.0,710.0
676.3333333333334,476.0,580.0,710.0
670.0,475.3333333333333,580.0,710.0
670.0,474.6666666666667,580.0,710.0
670.0,473.3333333333333,580.0,710.0
677.3333333333334,474.3333333333333,580.0,710.0
680.0,475.3333333333333,580.0,710.0
680.0,474.3333333333333,580.0,710.0
718.6666666666666,475.3333333333333,580.0,710.0
719.3333333333334,475.6666666666667,580.0,710.0
710.0,475.6666666666667,580.0,710.0
710.0,475.3333333333333,580.0,710.0
719.6666666666666,477.0,580.0,710.0
720.0,476.6666666666667,580.0,710.0
720.0,476.6666666666667,580.0,710.0
720.0,474.0,580.0,710.0
720.0,474.3333333333333,580.0,710.0
713.0,475.3333333333333,580.0,710.0
712.0,475.0,580.0,710.0
710.0,476.0,580.0,710.0
717.0,475.0,580.0,710.0
716.3333333333334,476.0,580.0,710.0
710.0,473.6666666666667,580.0,710.0
710.0,475.6666666666667,580.0,710.0
710.0,475.0,580.0,709.3333333333334
710.0,476.3333333333333,580.0,710.0
710.0,473.6666666666667,580.0,710.0
710.0,474.6666666666667,580.0,710.0
710.0,473.3333333333333,580.0,710.0
710.0,474.6666666666667,580.0,710.0
710.0,474.6666666666667,580.0,710.0
710.0,473.3333333333333,580.0,710.0
710.0,475.3333333333333,580.0,710.0
710.0,475.3333333333333,580.0,710.0
711.0,476.6666666666667,580.0,715.0
720.0,473.0,580.0,720.0
720.0,476.0,580.0,720.0
716.0,473.6666666666667,580.0,720.0
716.6666666666666,474.3333333333333,580.0,720.0
719.3333333333334,475.3333333333333,580.0,720.0
720.0,474.6666666666667,580.0,720.0
713.3333333333334,475.6666666666667,580.0,720.0
720.0,474.3333333333333,580.0,720.0
720.0,474.6666666666667,580.0,720.0
720.0,476.0,580.0,720.0
720.0,475.0,580.0,720.0
720.0,475.3333333333333,580.0,720.0
720.0,475.0,580.0,720.0
720.0,474.6666666666667,580.0,720.0
720.0,474.6666666666667,580.0,720.0
720.0,476.6666666666667,580.0,720.0
720.0,475.3333333333333,580.0,720.0
720.0,473.6666666666667,580.0,720.0
720.0,475.0,580.0,720.0
720.0,476.3333333333333,580.0,720.0
720.0,475.0,580.0,720.0
720.0,475.0,580.0,720.0
720.0,474.3333333333333,580.0,720.0
720.0,473.3333333333333,580.0,720.0
720.0,475.6666666666667,580.0,720.0
720.0,476.6666666666667,580.0,707.0
720.0,473.3333333333333,580.0,680.0
720.0,476.0,580.0,680.0
720.0,477.0,580.0,680.0
720.0,475.6666666666667,580.0,680.0
720.0,473.6666666666667,580.0,714.6666666666666
720.0,476.0,580.0,681.3333333333334
720.0,475.6666666666667,580.0,684.0
720.0,476.0,580.0,680.0
720.0,475.6666666666667,580.0,709.3333333333334
720.0,475.3333333333333,580.0,720.0
720.0,475.0,580.0,720.0
720.0,475.3333333333333,580.0,720.0
720.0,474.6666666666667,580.0,720.0
720.0,474.3333333333333,580.0,720.0
720.0,474.6666666666667,580.0,698.0
720.0,474.6666666666667,580.0,712.0
720.0,474.6666666666667,580.0,696.0
720.0,474.0,580.0,680.0
720.0,475.0,580.0,680.0
720.0,475.0,580.0,680.0
720.0,475.6666666666667,580.0,698.6666666666666
720.0,475.6666666666667,580.0,720.0
720.0,474.3333333333333,580.0,720.0
720.0,474.3333333333333,580.0,720.0
720.0,475.6666666666667,580.0,720.0
704.3333333333334,473.0,580.0,720.0
703.6666666666666,475.6666666666667,580.0,720.0
690.6666666666666,474.6666666666667,580.0,720.0
691.0,476.0,580.0,720.0
680.0,476.3333333333333,580.0,720.0
680.0,476.0,580.0,720.0
680.0,474.3333333333333,580.0,720.0
680.0,475.0,580.0,720.0
680.0,474.0,580.0,720.0
680.0,476.0,580.0,720.0
680.0,474.0,580.0,720.0
706.6666666666666,476.0,580.0,720.0
680.0,474.6666666666667,580.0,720.0
680.0,475.3333333333333,580.0,720.0
680.0,475.0,580.0,720.0
680.0,474.0,580.0,720.0
680.0,475.0,580.0,720.0
680.0,475.6666666666667,580.0,720.0
680.0,476.0,580.0,720.0
680.0,474.6666666666667,580.0,720.0
680.0,474.0,580.0,720.0
680.0,474.0,580.0,720.0
680.0,476.0,580.0,720.0
680.0,475.3333333333333,580.0,720.0
680.0,474.6666666666667,580.0,720.0
680.0,474.0,580.0,720.0
680.0,476.0,580.0,720.0
680.0,475.3333333333333,580.0,720.0
680.0,475.3333333333333,580.0,720.0
680.0,476.6666666666667,580.0,720.0
680.0,475.0,580.0,720.0
680.0,475.6666666666667,580.0,716.3333333333334
680.0,475.0,580.0,720.0
680.0,474.0,580.0,720.0
680.0,475.3333333333333,580.0,720.0
680.0,474.0,580.0,720.0
680.0,475.3333333333333,580.0,720.0
680.0,475.3333333333333,580.0,720.0
680.0,474.0,580.0,720.0
680.0,474.3333333333333,580.0,720.0
680.0,475.6666666666667,580.0,720.0
680.0,475.6666666666667,580.0,720.0
680.0,475.6666666666667,580.0,720.0
680.0,476.3333333333333,580.0,720.0
680.0,476.0,580.0,720.0
680.0,475.0,580.0,720.0
680.0,475.3333333333333,580.0,720.0
680.0,475.6666666666667,580.0,720.0
680.0,475.0,580.0,720.0
680.0,473.3333333333333,580.0,720.0
680.0,475.0,580.0,720.0
680.0,474.3333333333333,580.0,720.0
680.0,474.6666666666667,580.0,720.0
680.0,475.0,580.0,720.0
680.0,475.0,580.0,720.0
680.0,474.3333333333333,580.0,720.0
680.0,474.6666666666667,580.0,720.0
680.0,474.6666666666667,580.0,720.0
680.0,474.6666666666667,580.0,720.0
680.0,475.0,580.0,720.0
680.0,473.6666666666667,580.0,720.0
680.0,474.3333333333333,580.0,720.0
680.0,473.0,580.0,690.6666666666666
680.0,477.6666666666667,580.0,680.0
680.0,475.3333333333333,580.0,680.0
680.0,473.0,580.0,716.0
680.0,475.6666666666667,580.0,720.0
680.0,474.0,580.0,720.0
680.0,476.6666666666667,580.0,686.6666666666666
680.0,475.0,580.0,680.0
680.0,474.0,580.0,680.0
680.0,475.6666666666667,580.0,680.0
680.0,476.0,580.0,680.0
680.0,474.6666666666667,580.0,680.0
680.0,475.6666666666667,580.0,680.0
680.0,475.0,580.0,699.0
680.0,476.6666666666667,580.0,705.3333333333334
680.0,475.6666666666667,580.0,687.3333333333334
680.0,475.6666666666667,580.0,680.0
680.0,475.6666666666667,580.0,680.0
680.0,473.3333333333333,580.0,680.0
680.0,474.6666666666667,580.0,680.0
680.0,474.3333333333333,580.0,680.0
680.0,474.3333333333333,580.0,680.0
680.0,474.0,580.0,680.0
680.0,475.6666666666667,580.0,680.0
680.0,475.3333333333333,580.0,680.0
680.0,474.0,580.0,713.3333333333334
680.0,474.3333333333333,580.0,689.6666666666666
680.0,476.0,580.0,680.0
680.0,476.0,580.0,680.0
680.0,475.0,580.0,680.0
680.0,475.0,580.0,680.0
680.0,475.0,580.0,680.0
680.0,476.6666666666667,580.0,680.0
680.0,475.0,580.0,684.6666666666666
680.0,474.6666666666667,580.0,720.0
680.0,474.0,580.0,720.0
680.0,475.0,580.0,720.0
680.0,475.3333333333333,580.0,720.0
680.0,475.0,580.0,720.0
680.0,475.0,580.0,720.0
680.0,475.6666666666667,580.0,720.0
680.0,473.6666666666667,580.0,720.0
680.0,474.0,580.0,720.0
680.0,475.3333333333333,580.0,720.0
680.0,482.6666666666667,580.0,720.0
680.0,490.0,580.0,720.0
680.0,490.0,580.0,720.0
680.0,490.0,580.0,720.0
680.0,490.0,580.0,720.0
680.0,490.0,580.0,720.0
680.0,490.0,580.0,720.0
680.0,490.0,580.0,720.0
680.0,490.0,580.0,720.0
680.0,490.0,580.0,720.0
680.0,490.0,580.0,720.0
680.0,490.0,580.0,720.0
680.0,490.0,580.0,720.0
676.3333333333334,490.0,580.0,720.0
680.0,490.0,580.0,720.0
680.0,490.0,580.0,720.0
680.0,490.0,580.0,720.0
680.0,490.0,580.0,720.0
680.0,490.0,580.0,720.0
680.0,490.0,580.0,720.0
680.0,490.0,580.0,720.0
680.0,490.0,580.0,720.0
680.0,490.0,580.0,720.0
680.0,490.0,580.0,720.0
680.0,490.0,580.0,720.0
680.0,490.0,580.0,720.0
680.0,490.0,580.0,720.0
680.0,490.0,580.0,720.0
680.0,490.0,580.0,720.0
680.0,490.0,580.0,720.0
680.0,490.0,580.0,720.0
680.0,490.0,580.0,720.0
680.0,490.0,580.0,720.0
680.0,490.0,580.0,720.0
680.0,490.0,580.0,720.0
680.0,490.0,580.0,720.0
680.0,490.0,580.0,720.0
680.0,490.0,580.0,720.0
680.0,490.0,580.0,720.0
675.3333333333334,490.0,580.0,720.0
675.6666666666666,490.0,580.0,720.0
680.0,490.0,580.0,720.0
680.0,490.0,580.0,720.0
680.0,490.0,580.0,720.0
680.0,490.0,580.0,720.0
680.0,490.0,580.0,720.0
680.0,490.0,580.0,720.0
680.0,490.0,580.0,720.0
680.0,490.0,580.0,720.0
680.0,490.0,580.0,720.0
680.0,490.0,580.0,720.0
680.0,490.0,580.0,720.0
680.0,490.0,580.0,720.0
680.0,490.0,580.0,720.0
680.0,490.0,580.0,720.0
680.0,490.0,580.0,720.0
680.0,490.0,580.0,720.0
680.0,490.0,580.0,720.0
679.3333333333334,490.0,580.0,720.0
669.6666666666666,490.0,580.0,684.3333333333334
660.0,490.0,580.0,680.0
668.6666666666666,490.0,580.0,680.0
680.0,490.0,580.0,680.0
680.0,490.0,580.0,680.0
680.0,490.0,580.0,680.0
680.0,490.0,580.0,680.0
680.0,490.0,580.0,680.0
680.0,490.0,580.0,680.0
680.0,490.0,580.0,680.0
680.0,490.0,580.0,680.0
680.0,490.0,580.0,680.0
680.0,490.0,580.0,680.0
680.0,490.0,580.0,680.0
680.0,490.0,580.0,680.0
680.0,490.0,580.0,680.0
680.0,490.0,580.0,680.0
680.0,490.0,580.0,680.0
680.0,490.0,580.0,680.0
680.0,490.0,580.0,680.0
680.0,490.0,580.0,680.0
680.0,490.0,580.0,680.0
680.0,490.0,580.0,680.0
680.0,490.0,580.0,680.0
680.0,490.0,580.0,680.0
680.0,490.0,580.0,680.0
680.0,490.0,580.0,680.0
680.0,490.0,580.0,680.0
680.0,490.0,580.0,680.0
680.0,490.0,580.0,680.0
680.0,490.0,580.0,680.0
680.0,490.0,580.0,680.0
680.0,490.0,580.0,680.0
680.0,490.0,580.0,680.0
680.0,490.0,580.0,680.0
680.0,490.0,580.0,680.0
680.0,490.0,580.0,680.0
680.0,490.0,580.0,680.0
680.0,490.0,580.0,680.0
680.0,490.0,580.0,680.0
680.0,490.0,580.0,680.0
680.0,490.0,580.0,680.0
680.0,490.0,580.0,680.0
680.0,490.0,580.0,680.0
680.0,490.0,580.0,680.0
680.0,490.0,580.0,680.0
680.0,490.0,580.0,680.0
680.0,490.0,580.0,680.0
680.0,490.0,580.0,680.0
680.0,490.0,580.0,680.0
680.0,490.0,580.0,680.0
680.0,490.0,580.0,680.0
680.0,490.0,580.0,680.0
680.0,490.0,580.0,680.0
680.0,490.0,580.0,680.0
680.0,490.0,580.0,680.0
680.0,490.0,580.0,680.0
680.0,490.0,580.0,680.0
680.0,490.0,580.0,680.0
680.0,490.0,580.0,680.0
680.0,490.0,580.0,680.0
680.0,490.0,580.0,680.0
680.0,490.0,580.0,680.0
680.0,490.0,580.0,680.0
680.0,490.0,580.0,680.0
680.0,490.0,580.0,680.0
680.0,490.0,580.0,680.0
680.0,490.0,580.0,680.0
680.0,490.0,580.0,680.0
680.0,490.0,580.0,680.0
680.0,490.0,580.0,680.0
680.0,490.0,580.0,680.0
680.0,490.0,580.0,680.0
680.0,490.0,580.0,680.0
680.0,490.0,580.0,680.0
680.0,490.0,580.0,680.0
680.0,490.0,580.0,680.0
680.0,490.0,580.0,680.0
680.0,490.0,580.0,680.0
680.0,490.0,580.0,680.0
680.0,490.0,580.0,680.0
680.0,490.0,580.0,680.0
680.0,490.0,580.0,689.3333333333334
680.0,490.0,580.0,720.0
680.0,490.0,580.0,720.0
680.0,490.0,580.0,720.0
680.0,490.0,580.0,720.0
680.0,490.0,580.0,720.0
680.0,490.0,580.0,720.0
680.0,490.0,580.0,720.0
680.0,490.0,580.0,720.0
680.0,490.0,580.0,720.0
680.0,490.0,580.0,710.6666666666666
680.0,490.0,580.0,708.3333333333334
680.0,490.0,580.0,680.0
680.0,490.0,580.0,680.0
680.0,490.0,580.0,680.0
680.0,490.0,580.0,680.0
680.0,490.0,580.0,680.0
680.0,490.0,580.0,697.6666666666666
680.0,490.0,580.0,679.0
680.0,490.0,580.0,680.3333333333334
680.0,490.0,580.0,680.0
680.0,490.0,580.0,680.6666666666666
680.0,490.0,580.0,680.0
680.0,490.0,580.0,680.0
680.0,490.0,580.0,681.6666666666666
680.0,490.0,580.0,712.6666666666666
680.0,490.0,580.0,717.6666666666666
680.0,490.0,580.0,680.0
680.0,490.0,580.0,680.0
680.0,490.0,580.0,680.0
680.0,490.0,580.0,680.0
680.0,490.0,580.0,680.0
680.0,490.0,580.0,680.0
680.0,490.0,580.0,680.0
680.0,490.0,580.0,680.0
680.0,490.0,580.0,680.0
680.0,490.0,580.0,680.0
680.0,490.0,580.0,680.0
680.0,490.0,580.0,680.0
680.0,490.0,580.0,680.0
680.0,490.0,580.0,680.0
680.0,490.0,580.0,680.0
680.0,490.0,580.0,680.0
680.0,490.0,580.0,680.0
680.0,490.0,580.0,680.0
680.0,490.0,580.0,706.6666666666666
680.0,490.0,580.0,720.0
680.0,490.0,580.0,720.0
680.0,490.0,580.0,720.0
680.0,490.0,580.0,720.0
680.0,490.0,580.0,720.0
680.0,490.0,580.0,720.0
680.0,490.0,580.0,720.0
680.0,490.0,580.0,720.0
680.0,490.0,580.0,720.0
680.0,490.0,580.0,720.0
680.0,490.0,580.0,686.6666666666666
680.0,490.0,580.0,680.0
680.0,490.0,580.0,680.0
680.0,490.0,580.0,680.0
680.0,490.0,580.0,680.0
680.0,490.0,580.0,680.0
680.0,490.0,580.0,680.0
680.0,490.0,580.0,680.0
680.0,490.0,580.0,680.0
680.0,490.0,580.0,680.0
680.0,490.0,580.0,680.0
680.0,490.0,580.0,680.0
680.0,490.0,580.0,680.0
680.0,490.0,580.0,680.0
680.0,490.0,580.0,680.0
680.0,490.0,580.0,680.0
680.0,490.0,580.0,680.0
680.0,490.0,580.0,680.0
680.0,490.0,580.0,680.0
680.0,490.0,580.0,680.0
680.0,490.0,580.0,680.0
680.0,490.0,580.0,680.0
680.0,490.0,580.0,680.0
680.0,490.0,580.0,680.0
680.0,490.0,580.0,680.0
680.0,490.0,580.0,680.0
680.0,490.0,580.0,680.0
680.0,490.0,580.0,680.0
680.0,490.0,580.0,680.0
680.0,490.0,580.0,680.0
680.0,490.0,580.0,680.0
680.0,490.0,580.0,680.0
680.0,490.0,580.0,680.0
680.0,490.0,580.0,680.0
680.0,490.0,580.0,680.0
680.0,490.0,580.0,680.0
680.0,490.0,580.0,680.0
680.0,490.0,580.0,680.0
680.0,490.0,580.0,680.0
700.6666666666666,490.0,580.0,680.0
680.0,490.0,580.0,680.0
703.3333333333334,490.0,580.0,680.0
720.0,490.0,580.0,680.0
720.0,490.0,580.0,680.0
720.0,490.0,580.0,680.0
720.0,490.0,580.0,685.3333333333334
720.0,490.0,580.0,720.0
720.0,490.0,580.0,697.6666666666666
720.0,490.0,580.0,680.0
720.0,490.0,580.0,680.0
720.0,490.0,580.0,680.0
720.0,490.0,580.0,680.0
720.0,490.0,580.0,680.0
720.0,490.0,580.0,680.0
720.0,490.0,580.0,680.0
720.0,490.0,580.0,680.0
720.0,490.0,580.0,680.0
720.0,490.0,580.0,680.0
720.0,490.0,580.0,680.0
720.0,490.0,580.0,680.0
720.0,490.0,580.0,680.0
720.0,490.0,580.0,680.0
720.0,490.0,580.0,680.0
720.0,490.0,580.0,680.0
720.0,490.0,580.0,680.0
720.0,490.0,580.0,680.0
720.0,490.0,580.0,680.0
720.0,490.0,580.0,680.0
720.0,490.0,580.0,680.0
720.0,490.0,580.0,680.0
720.0,490.0,580.0,680.0
720.0,490.0,580.0,680.0
720.0,490.0,580.0,680.0
720.0,490.0,580.0,680.0
720.0,490.0,580.0,680.0
720.0,490.0,580.0,680.0
720.0,490.0,580.0,680.0
720.0,490.0,580.0,680.0
720.0,490.0,580.0,680.0
720.0,490.0,580.0,680.0
720.0,490.0,580.0,680.0
720.0,490.0,580.0,680.0
720.0,490.0,580.0,680.0
720.0,490.0,580.0,680.0
720.0,490.0,580.0,680.0
720.0,490.0,580.0,680.0
720.0,490.0,580.0,680.0
720.0,490.0,580.0,680.0
720.0,490.0,580.0,680.0
720.0,490.0,580.0,680.0
704.3333333333334,490.0,580.0,680.0
716.6666666666666,490.0,580.0,680.0
692.3333333333334,490.0,580.0,680.0
718.6666666666666,490.0,580.0,680.0
720.0,490.0,580.0,680.0
720.0,490.0,580.0,680.0
720.0,490.0,580.0,680.0
720.0,490.0,580.0,691.0
720.0,490.0,580.0,680.0
720.0,490.0,580.0,680.0
720.0,490.0,580.0,680.0
720.0,490.0,580.0,680.0
720.0,490.0,580.0,680.0
720.0,490.0,580.0,680.0
720.0,490.0,580.0,680.0
720.0,490.0,580.0,680.0
720.0,490.0,580.0,680.0
720.0,490.0,580.0,680.0
720.0,490.0,580.0,680.0
720.0,490.0,580.0,680.0
720.0,490.0,580.0,709.3333333333334
720.0,490.0,580.0,720.0
720.0,490.0,580.0,720.0
720.0,490.0,580.0,709.6666666666666
720.0,490.0,580.0,680.0
720.0,490.0,580.0,710.6666666666666
720.0,490.0,580.0,701.3333333333334
720.0,490.0,580.0,714.6666666666666
720.0,490.0,580.0,699.0
720.0,490.0,580.0,704.0
720.0,490.0,580.0,720.0
720.0,490.0,580.0,720.0
720.0,490.0,580.0,720.0
720.0,490.0,580.0,720.0
720.0,490.0,580.0,720.0
720.0,490.0,580.0,720.0
720.0,490.0,580.0,716.0
720.0,490.0,580.0,680.0
720.0,490.0,580.0,680.0
720.0,490.0,580.0,680.0
720.0,490.0,580.0,680.0
720.0,490.0,580.0,680.0
720.0,490.0,580.0,680.0
720.0,490.0,580.0,680.0
720.0,490.0,580.0,680.0
720.0,490.0,580.0,680.0
720.0,490.0,580.0,680.0
720.0,490.0,580.0,680.0
720.0,490.0,580.0,680.0
720.0,490.0,580.0,680.0
720.0,490.0,580.0,680.0
720.0,490.0,580.0,680.0
720.0,490.0,580.0,680.0
720.0,490.0,580.0,680.0
720.0,490.0,580.0,680.0
720.0,490.0,580.0,680.0
720.0,490.0,580.0,680.0
720.0,490.0,580.0,680.0
720.0,490.0,580.0,680.0
720.0,490.0,580.0,680.0
720.0,490.0,580.0,680.0
720.0,490.0,580.0,680.0
720.0,490.0,580.0,680.0
720.0,490.0,580.0,680.0
720.0,490.0,580.0,680.0
720.0,490.0,580.0,680.0
720.0,490.0,580.0,680.0
720.0,490.0,580.0,680.0
720.0,490.0,580.0,680.0
720.0,490.0,580.0,714.6666666666666
720.0,490.0,580.0,720.0
720.0,490.0,580.0,695.0
720.0,490.0,580.0,720.0
720.0,490.0,580.0,720.0
720.0,490.0,580.0,720.0
720.0,490.0,580.0,720.0
720.0,490.0,580.0,720.0
720.0,490.0,580.0,720.0
720.0,490.0,580.0,720.0
720.0,490.0,580.0,720.0
720.0,490.0,580.0,720.0
720.0,490.0,580.0,720.0
720.0,490.0,580.0,720.0
720.0,490.0,580.0,720.0
720.0,490.0,580.0,720.0
720.0,490.0,580.0,720.0
720.0,490.0,580.0,720.0
720.0,490.0,580.0,720.0
720.0,490.0,580.0,720.0
720.0,490.0,580.0,720.0
720.0,490.0,580.0,720.0
720.0,490.0,580.0,720.0
720.0,490.0,580.0,720.0
720.0,490.0,580.0,720.0
720.0,490.0,580.0,720.0
720.0,490.0,580.0,720.0
720.0,490.0,580.0,720.0
720.0,490.0,580.0,720.0
720.0,490.0,580.0,720.0
720.0,490.0,580.0,720.0
720.0,490.0,580.0,720.0
720.0,490.0,580.0,720.0
720.0,490.0,580.0,720.0
720.0,490.0,580.0,720.0
720.0,490.0,580.0,720.0
720.0,490.0,580.0,720.0
720.0,490.0,580.0,720.0
720.0,490.0,580.0,720.0
720.0,490.0,580.0,720.0
720.0,490.0,580.0,720.0
720.0,490.0,580.0,720.0
720.0,490.0,580.0,720.0
720.0,490.0,580.0,720.0
720.0,490.0,580.0,720.0
720.0,490.0,580.0,720.0
720.0,490.0,580.0,720.0
720.0,490.0,580.0,720.0
689.6666666666666,490.0,580.0,720.0
680.0,490.0,580.0,720.0
680.0,490.0,580.0,720.0
680.0,490.0,580.0,720.0
680.0,490.0,580.0,720.0
680.0,490.0,580.0,720.0
680.0,490.0,580.0,720.0
680.0,490.0,580.0,720.0
680.0,490.0,580.0,720.0
680.0,490.0,580.0,720.0
680.0,490.0,580.0,720.0
680.0,490.0,580.0,720.0
680.0,490.0,580.0,720.0
680.0,490.0,580.0,720.0
680.0,490.0,580.0,720.0
680.0,490.0,580.0,720.0
680.0,490.0,580.0,720.0
680.0,490.0,580.0,720.0
680.0,490.0,580.0,720.0
680.0,490.0,580.0,720.0
680.0,490.0,580.0,720.0
680.0,490.0,580.0,720.0
680.0,490.0,580.0,720.0
680.0,490.0,580.0,720.0
680.0,490.0,580.0,720.0
680.0,490.0,580.0,720.0
680.0,490.0,580.0,720.0
680.0,490.0,580.0,720.0
680.0,490.0,580.0,720.0
680.0,490.0,580.0,720.0
680.0,490.0,580.0,720.0
680.0,490.0,580.0,720.0
680.0,490.0,580.0,720.0
680.0,490.0,580.0,720.0
680.0,490.0,580.0,720.0
680.0,490.0,580.0,720.0
680.0,490.0,580.0,720.0
681.3333333333334,490.0,580.0,720.0
680.0,490.0,580.0,720.0
680.0,490.0,580.0,720.0
680.0,490.0,580.0,720.0
680.0,490.0,580.0,720.0
680.0,490.0,580.0,720.0
680.0,490.0,580.0,720.0
680.0,490.0,580.0,720.0
680.0,490.0,580.0,720.0
680.0,490.0,580.0,720.0
680.0,490.0,580.0,720.0
680.0,490.0,580.0,720.0
680.0,490.0,580.0,720.0
680.0,490.0,580.0,720.0
680.0,490.0,580.0,720.0
680.0,490.0,580.0,720.0
680.0,490.0,580.0,720.0
668.3333333333334,490.0,580.0,720.0
664.0,490.0,580.0,720.0
667.0,490.0,580.0,720.0
675.6666666666666,490.0,580.0,720.0
666.3333333333334,490.0,580.0,720.0
661.6666666666666,490.0,580.0,720.0
680.0,490.0,580.0,720.0
680.0,490.0,580.0,720.0
680.0,490.0,580.0,720.0
680.0,490.0,580.0,720.0
680.0,490.0,580.0,720.0
672.3333333333334,490.0,580.0,720.0
670.6666666666666,490.0,580.0,720.0
668.3333333333334,490.0,580.0,720.0
680.0,490.0,580.0,720.0
680.0,490.0,580.0,720.0
678.3333333333334,490.0,580.0,720.0
673.0,490.0,580.0,720.0
660.0,490.0,580.0,720.0
660.0,490.0,580.0,720.0
660.0,490.0,580.0,720.0
660.0,490.0,580.0,720.0
660.0,490.0,580.0,720.0
660.0,490.0,580.0,720.0
661.3333333333334,490.0,580.0,720.0
678.6666666666666,490.0,580.0,720.0
680.0,490.0,580.0,720.0
680.0,490.0,580.0,720.0
680.0,490.0,580.0,720.0
680.0,490.0,580.0,720.0
680.0,490.0,580.0,720.0
672.3333333333334,490.0,580.0,720.0
664.6666666666666,490.0,580.0,720.0
680.0,490.0,580.0,720.0
668.0,490.0,580.0,720.0
673.6666666666666,490.0,580.0,720.0
680.0,490.0,580.0,720.0
680.0,490.0,580.0,720.0
680.0,490.0,580.0,720.0
680.0,490.0,580.0,720.0
680.0,490.0,580.0,720.0
680.0,490.0,580.0,720.0
680.0,490.0,580.0,720.0
680.0,490.0,580.0,720.0
680.0,490.0,580.0,720.0
680.0,490.0,580.0,720.0
680.0,490.0,580.0,720.0
680.0,490.0,580.0,720.0
680.0,490.0,580.0,720.0
680.0,490.0,580.0,720.0
680.0,490.0,580.0,720.0
680.0,490.0,580.0,720.0
680.0,490.0,580.0,720.0
680.0,490.0,580.0,720.0
680.0,490.0,580.0,720.0
680.0,490.0,580.0,720.0
680.0,490.0,580.0,720.0
680.0,490.0,580.0,720.0
680.0,490.0,580.0,720.0
680.0,490.0,580.0,720.0
680.0,490.0,580.0,720.0
680.0,490.0,580.0,720.0
680.0,490.0,580.0,720.0
679.3333333333334,490.0,580.0,720.0
679.0,490.0,580.0,720.0
670.0,490.0,580.0,720.0
680.0,490.0,580.0,720.0
680.0,490.0,580.0,720.0
680.0,490.0,580.0,720.0
680.0,490.0,580.0,720.0
680.0,490.0,580.0,720.0
680.0,490.0,580.0,720.0
680.0,490.0,580.0,720.0
680.0,490.0,580.0,720.0
680.0,490.0,580.0,720.0
680.0,490.0,580.0,720.0
680.0,490.0,580.0,720.0
680.0,490.0,580.0,720.0
680.0,490.0,580.0,720.0
680.0,490.0,580.0,720.0
680.0,490.0,580.0,720.0
680.0,490.0,580.0,720.0
680.0,490.0,580.0,720.0
680.0,490.0,580.0,720.0
680.0,490.0,580.0,720.0
680.0,490.0,580.0,720.0
680.0,490.0,580.0,720.0
680.0,490.0,580.0,720.0
680.0,490.0,580.0,720.0
680.0,490.0,580.0,720.0
680.0,490.0,580.0,720.0
680.0,490.0,580.0,720.0
680.0,490.0,580.0,720.0
680.0,490.0,580.0,720.0
680.0,490.0,580.0,720.0
684.6666666666666,490.0,580.0,720.0
720.0,490.0,580.0,720.0
720.0,490.0,580.0,720.0
720.0,490.0,580.0,720.0
720.0,490.0,580.0,720.0
720.0,490.0,580.0,720.0
720.0,490.0,580.0,720.0
720.0,490.0,580.0,720.0
720.0,490.0,580.0,720.0
720.0,490.0,580.0,720.0
720.0,490.0,580.0,720.0
720.0,490.0,580.0,720.0
720.0,490.0,580.0,720.0
720.0,490.0,580.0,720.0
720.0,490.0,580.0,720.0
720.0,490.0,580.0,720.0
720.0,490.0,580.0,720.0
720.0,490.0,580.0,720.0
720.0,490.0,580.0,720.0
720.0,490.0,580.0,720.0
720.0,490.0,580.0,720.0
720.0,490.0,580.0,720.0
720.0,490.0,580.0,720.0
720.0,490.0,580.0,720.0
720.0,490.0,580.0,720.0
720.0,490.0,580.0,720.0
720.0,490.0,580.0,720.0
720.0,490.0,580.0,720.0
720.0,490.0,580.0,720.0
708.0,490.0,580.0,720.0
680.0,490.0,580.0,720.0
689.3333333333334,490.0,580.0,720.0
682.6666666666666,490.0,580.0,720.0
680.0,490.0,580.0,720.0
680.0,490.0,580.0,720.0
680.0,490.0,580.0,720.0
680.0,490.0,580.0,720.0
685.3333333333334,490.0,580.0,720.0
697.6666666666666,490.0,580.0,720.0
680.0,490.0,580.0,720.0
680.6666666666666,490.0,580.0,720.0
720.0,490.0,580.0,720.0
720.0,490.0,580.0,720.0
720.0,490.0,580.0,720.0
720.0,490.0,580.0,720.0
720.0,490.0,580.0,720.0
720.0,490.0,580.0,720.0
720.0,490.0,580.0,720.0
720.0,490.0,580.0,720.0
720.0,490.0,580.0,720.0
720.0,490.0,580.0,720.0
720.0,490.0,580.0,720.0
720.0,490.0,580.0,720.0
700.3333333333334,490.0,580.0,720.0
680.0,490.0,580.0,720.0
680.0,490.0,580.0,720.0
708.0,490.0,580.0,720.0
715.3333333333334,490.0,580.0,720.0
701.6666666666666,490.0,580.0,720.0
720.0,490.0,580.0,720.0
693.6666666666666,490.0,580.0,720.0
682.6666666666666,490.0,580.0,720.0
679.0,490.0,580.0,720.0
680.0,490.0,580.0,720.0
680.0,490.0,580.0,720.0
680.0,490.0,580.0,720.0
680.0,490.0,580.0,720.0
680.0,490.0,580.0,720.0
680.0,490.0,580.0,720.0
680.0,490.0,580.0,720.0
702.3333333333334,490.0,580.0,720.0
680.0,490.0,580.0,720.0
683.3333333333334,490.0,580.0,720.0
691.0,490.0,580.0,720.0
680.0,490.0,580.0,720.0
680.0,490.0,580.0,720.0
680.0,490.0,580.0,720.0
680.0,490.0,580.0,720.0
680.0,490.0,580.0,720.0
680.0,490.0,580.0,720.0
680.0,490.0,580.0,720.0
680.0,490.0,580.0,720.0
680.0,490.0,580.0,720.0
680.0,490.0,580.0,720.0
680.0,490.0,580.0,720.0
680.0,490.0,580.0,720.0
680.0,490.0,580.0,720.0
680.0,490.0,580.0,720.0
680.0,490.0,580.0,720.0
680.0,490.0,580.0,720.0
680.0,490.0,580.0,720.0
696.3333333333334,490.0,580.0,720.0
680.0,490.0,580.0,720.0
664.3333333333334,490.0,580.0,720.0
660.0,490.0,580.0,720.0
696.0,490.0,580.0,720.0
690.0,490.0,580.0,720.0
720.0,490.0,580.0,720.0
711.6666666666666,490.0,580.0,720.0
710.0,490.0,580.0,720.0
710.0,490.0,580.0,720.0
710.0,490.0,580.0,720.0
710.0,490.0,580.0,720.0
710.0,490.0,580.0,720.0
710.0,490.0,580.0,720.0
710.0,490.0,580.0,720.0
706.6666666666666,490.0,580.0,720.0
671.6666666666666,490.0,580.0,720.0
660.0,490.0,580.0,720.0
660.0,490.0,580.0,720.0
663.3333333333334,490.0,580.0,720.0
710.0,490.0,580.0,720.0
710.0,490.0,580.0,720.0
710.0,490.0,580.0,720.0
710.0,490.0,580.0,720.0
692.6666666666666,490.0,580.0,720.0
666.6666666666666,490.0,580.0,720.0
660.0,490.0,580.0,720.0
660.6666666666666,490.0,580.0,720.0
680.0,490.0,580.0,720.0
673.0,490.0,580.0,720.0
681.3333333333334,490.0,580.0,720.0
688.3333333333334,490.0,580.0,720.0
680.0,490.0,580.0,720.0
680.0,490.0,580.0,720.0
680.0,490.0,580.0,720.0
680.0,490.0,580.0,720.0
680.0,490.0,580.0,720.0
708.6666666666666,490.0,580.0,720.0
720.0,490.0,580.0,720.0
685.3333333333334,490.0,580.0,720.0
680.0,490.0,580.0,720.0
680.0,490.0,580.0,720.0
680.0,490.0,580.0,720.0
680.0,490.0,580.0,720.0
692.0,490.0,580.0,720.0
685.3333333333334,490.0,580.0,720.0
712.6666666666666,490.0,580.0,720.0
720.0,490.0,580.0,720.0
701.6666666666666,490.0,580.0,720.0
713.6666666666666,490.0,580.0,720.0
680.0,490.0,580.0,720.0
680.0,490.0,580.0,720.0
676.3333333333334,490.0,580.0,720.0
701.3333333333334,490.0,580.0,720.0
720.0,490.0,580.0,720.0
720.0,490.0,580.0,720.0
720.0,490.0,580.0,720.0
720.0,490.0,580.0,720.0
720.0,490.0,580.0,720.0
720.0,490.0,580.0,720.0
720.0,490.0,580.0,720.0
720.0,490.0,580.0,720.0
720.0,490.0,580.0,720.0
720.0,490.0,580.0,720.0
720.0,490.0,580.0,720.0
720.0,490.0,580.0,720.0
720.0,490.0,580.0,720.0
717.0,490.0,580.0,720.0
720.0,490.0,580.0,720.0
715.3333333333334,490.0,580.0,720.0
709.0,490.0,580.0,720.0
710.0,490.0,580.0,720.0
710.0,490.0,580.0,720.0
710.0,490.0,580.0,720.0
710.0,490.0,580.0,720.0
710.0,490.0,580.0,720.0
710.0,490.0,580.0,720.0
710.0,490.0,580.0,720.0
710.0,490.0,580.0,720.0
710.0,490.0,580.0,720.0
710.0,490.0,580.0,720.0
710.0,490.0,580.0,720.0
710.0,490.0,580.0,720.0
710.0,490.0,580.0,720.0
714.0,490.0,580.0,720.0
720.0,490.0,580.0,720.0
720.0,490.0,580.0,720.0
720.0,490.0,580.0,720.0
720.0,490.0,580.0,720.0
717.6666666666666,490.0,580.0,720.0
710.0,490.0,580.0,720.0
710.0,490.0,580.0,720.0
710.0,490.0,580.0,720.0
710.0,490.0,580.0,720.0
710.0,490.0,580.0,720.0
710.0,490.0,580.0,720.0
710.0,490.0,580.0,720.0
710.0,490.0,580.0,720.0
710.0,490.0,580.0,720.0
710.0,490.0,580.0,720.0
710.0,490.0,580.0,720.0
710.0,490.0,580.0,720.0
710.0,490.0,580.0,720.0
710.0,490.0,580.0,720.0
710.0,490.0,580.0,720.0
710.0,490.0,580.0,720.0
710.0,490.0,580.0,720.0
710.0,490.0,580.0,720.0
710.0,490.0,580.0,720.0
710.0,490.0,580.0,720.0
710.0,490.0,580.0,720.0
710.0,490.0,580.0,720.0
710.0,490.0,580.0,720.0
710.0,490.0,580.0,720.0
710.0,490.0,580.0,720.0
710.0,490.0,580.0,720.0
710.0,490.0,580.0,720.0
710.0,490.0,580.0,720.0
710.0,490.0,580.0,720.0
710.0,490.0,580.0,720.0
710.0,490.0,580.0,720.0
710.0,490.0,580.0,720.0
710.0,490.0,580.0,720.0
710.0,490.0,580.0,720.0
710.0,490.0,580.0,720.0
710.0,490.0,580.0,720.0
710.0,490.0,580.0,720.0
710.0,490.0,580.0,720.0
710.0,490.0,580.0,720.0
710.0,490.0,580.0,720.0
710.0,490.0,580.0,720.0
710.0,490.0,580.0,720.0
710.0,490.0,580.0,720.0
710.0,490.0,580.0,720.0
710.0,490.0,580.0,720.0
710.0,490.0,580.0,720.0
710.0,490.0,580.0,720.0
710.0,490.0,580.0,720.0
710.0,490.0,580.0,720.0
710.0,490.0,580.0,720.0
710.0,490.0,580.0,720.0
710.0,490.0,580.0,720.0
710.0,490.0,580.0,720.0
710.0,490.0,580.0,720.0
714.3333333333334,490.0,580.0,720.0
720.0,490.0,580.0,720.0
720.0,490.0,580.0,720.0
720.0,490.0,580.0,720.0
715.3333333333334,490.0,580.0,720.0
709.0,490.0,580.0,720.0
710.0,490.0,580.0,720.0
710.0,490.0,580.0,720.0
